brand,chip,com_count,link,price
【领券立减】Apple ,,95万+,,3349.00
【领券立减】Apple ,,95万+,,3349.00
【领券立减】Apple ,,95万+,,2555.00
【领券立减】Apple ,,95万+,,3349.00
【领券立减】Apple ,,95万+,,2555.00
Apple ,,59万+,,2699.00
【Pencil套装版】Apple ,,95万+,,3859.00
【领券立减】Apple ,,95万+,,2555.00
Apple ,,41万+,,2699.00
Apple ,,2.3万+,,7699.00
Apple ,,2.3万+,,6499.00
【Pencil套装版】Apple ,,95万+,,3859.00
【Pencil套装版】Apple ,,95万+,,3739.00
Apple ,,59万+,,2699.00
【每满千减百】Apple ,,18万+,,6378.00
【每满千减百】Apple ,,18万+,,5178.00
Apple Pencil 手写笔MK0C2CH(适用2018年新款9.7英寸,,23万+,,699.00
Apple ,,95万+,,3999.00
【每满千减百】Apple ,,18万+,,6378.00
Apple ,,5200+,,9299.00
Apple ,,2.3万+,,7699.00
APPLE苹果 ,,13万+,,3108.00
Apple ,,95万+,,3349.00
Apple ,,95万+,,3999.00
Apple ,,95万+,,3999.00
【每满千减百】Apple ,,18万+,,6378.00
【每满千减百】Apple ,,18万+,,6378.00
APPLE苹果 ,,13万+,,2408.00
APPLE苹果 ,,13万+,,3108.00
Apple Pencil (第二代)  适用于 12.9 英寸 ,,8300+,,999.00
苹果（Apple） ,,6.4万+,,2408.00
苹果（Apple） ,,6.4万+,,3108.00
【Pencil套装版】Apple ,,95万+,,3165.00
Apple ,,5200+,,8099.00
【每满千减百】Apple ,,18万+,,7178.00
Apple 苹果 ,,1.8万+,,2328.00
Apple ,,2.3万+,,8899.00
苹果（Apple） ,,6.4万+,,3108.00
苹果（Apple） ,,6.4万+,,3108.00
Apple ,,,,6499.00
【Pencil套装版】Apple ,,,,3059.00
【二手9成新】Apple/苹果,,,,1510.00
苹果（Apple） ,,6.4万+,,3028.00
苹果（Apple） ,,6.4万+,,3028.00
苹果（Apple） ,,6.4万+,,2328.00
【Pencil套装版】Apple ,,,,3059.00
Apple ,,,,9299.00
苹果（Apple） ,,,,2328.00
APPLE苹果 ,,13万+,,3088.00
苹果（Apple） ,,6.4万+,,3068.00
APPLE苹果 ,,13万+,,2368.00
Apple ,,,,3789.00
APPLE苹果 ,,,,3028.00
苹果（Apple） ,,6.4万+,,2368.00
APPLE苹果 ,,13万+,,2408.00
APPLE苹果 ,,13万+,,2408.00
Apple ,,,,3988.00
APPLE苹果 ,,,,2328.00
【二手9成新】苹果/Apple ,,,,1510.00
Apple ,,,,3789.00
苹果（Apple） ,,6.4万+,,2368.00
APPLE苹果 ,,13万+,,2328.00
APPLE苹果 ,,13万+,,3748.00
【每满千减百】Apple ,,,,6988.00
APPLE苹果 ,,,,3068.00
苹果（Apple） ,,6.4万+,,3748.00
苹果（Apple） ,,6.4万+,,3748.00
Apple 苹果 ,,1.8万+,,2198.00
苹果（Apple） ,,6.4万+,,2328.00
苹果（Apple） ,,,,2368.00
苹果（Apple） ,,,,3068.00
APPLE苹果 ,,,,3108.00
苹果（Apple） ,,6.4万+,,3068.00
APPLE苹果 Apple Pencil手写笔适用于18年新款,,1.2万+,,708.00
【每满千减百】Apple ,,,,7188.00
【二手9成新】苹果平板电脑 Apple ,,,,879.00
苹果（Apple） ,,,,3028.00
APPLE苹果 ,,,,2158.00
苹果（Apple） ,,6.4万+,,2408.00
Apple 苹果 ,,1.8万+,,2368.00
苹果（Apple）2018年新款 ,,1100+,,6188.00
APPLE苹果 ,,13万+,,3088.00
Apple ,,,,3349.00
APPLE苹果 ,,,,2408.00
APPLE苹果 ,,,,3108.00
Apple Pencil (第二代)  适用于 12.9 英寸 ,,,,999.00
Apple ,,95万+,,3349.00
【二手95新】苹果Apple ,,700+,,2299.00
APPLE苹果 ,,13万+,,3748.00
APPLE苹果 ,,13万+,,3088.00
APPLE苹果2018年新款,,1000+,,6188.00
苹果（Apple） ,,,,2408.00
Apple 苹果 ,,,,2688.00
Apple 苹果 ,,,,2328.00
Apple ,,,,8899.00
APPLE苹果 ,,13万+,,3028.00
APPLE苹果 ,,13万+,,2328.00
Apple 苹果 ,,1.8万+,,3028.00
Apple ,,2.3万+,,8899.00
苹果（Apple） ,,,,3108.00
【二手95新】 苹果Apple ,,100+,,4779.00
Apple ,,95万+,,3349.00
Apple 苹果 ,,1.8万+,,3028.00
苹果（Apple） ,,6.4万+,,2408.00
APPLE苹果 ,,13万+,,2368.00
苹果（Apple） ,,6.4万+,,3748.00
Apple 苹果 ,,1.8万+,,3108.00
APPLE苹果 ,,13万+,,3028.00
【二手9成新】平板 Apple ,,200+,,958.00
APPLE苹果 ,,13万+,,3748.00
APPLE苹果 ,,13万+,,2368.00
【每满千减百】Apple ,,3.2万+,,6988.00
苹果（Apple） Pencil手写笔适用于2018年新款,,5400+,,708.00
APPLE苹果 ,,13万+,,3068.00
Apple 苹果 ,,1.8万+,,2328.00
APPLE苹果 ,,13万+,,3068.00
【二手9成新】苹果/Apple ,,300+,,1510.00
Apple 苹果 ,,1.8万+,,3068.00
Apple 苹果 ,,1.8万+,,2328.00
Apple ,,2.3万+,,7699.00
